{
  "name": "A-to-Z-Dragon Buster Cannon",
  "number": "65172015",
  "is_illegal": false,
  "text": "\"ABC-Dragon Buster\" + \"XYZ-Dragon Cannon\"\nMust be Special Summoned (from your Extra Deck) by banishing cards you control with the above original names, and cannot be Special Summoned by other ways. (You do not use \"Polymerization\".) During either player's turn, when your opponent activates a Spell/Trap Card, or monster effect: You can discard 1 card; negate the activation, and if you do, destroy that card. During either player's turn: You can banish this card, then target 1 each of your banished \"ABC-Dragon Buster\", and \"XYZ-Dragon Cannon\"; Special Summon them.",
  "type": "Monster",
  "is_monster": true,
  "is_spell": false,
  "is_trap": false,
  "species": "Machine",
  "attack": "4000",
  "defense": "4000",
  "attribute": "LIGHT",
  "is_pendulum": false,
  "is_xyz": false,
  "is_synchro": false,
  "is_fusion": true,
  "is_link": false,
  "is_extra_deck": true,
  "monster_types": [
    "Fusion"
  ],
  "stars": "10"
}