{
  "name": "A Cat of Ill Omen",
  "number": "24140059",
  "is_illegal": false,
  "text": "FLIP: Select 1 Trap Card from your Deck and place it on top of your Deck. If \"Necrovalley\" is on the field, you can add the selected card to your hand instead.",
  "type": "Monster",
  "is_monster": true,
  "is_spell": false,
  "is_trap": false,
  "species": "Beast",
  "attack": "500",
  "defense": "300",
  "attribute": "DARK",
  "is_pendulum": false,
  "is_xyz": false,
  "is_synchro": false,
  "is_fusion": false,
  "is_link": false,
  "is_extra_deck": false,
  "monster_types": [
    "Flip",
    "Effect"
  ],
  "stars": "2"
}