{
  "name": "A/D Changer",
  "number": "96146814",
  "is_illegal": false,
  "text": "You can banish this card from your Graveyard, then target 1 monster on the field; change its battle position.",
  "type": "Monster",
  "is_monster": true,
  "is_spell": false,
  "is_trap": false,
  "species": "Warrior",
  "attack": "100",
  "defense": "100",
  "attribute": "LIGHT",
  "is_pendulum": false,
  "is_xyz": false,
  "is_synchro": false,
  "is_fusion": false,
  "is_link": false,
  "is_extra_deck": false,
  "monster_types": [
    "Effect"
  ],
  "stars": "1"
}