{
  "name": "A Man with Wdjat",
  "number": "51351302",
  "is_illegal": false,
  "text": "When you Normal Summon this card, and during each of your Standby Phases, select 1 Set card on your opponent's side of the field. Pick it up and look at it, then return it to its original position.",
  "type": "Monster",
  "is_monster": true,
  "is_spell": false,
  "is_trap": false,
  "species": "Spellcaster",
  "attack": "1600",
  "defense": "1600",
  "attribute": "DARK",
  "is_pendulum": false,
  "is_xyz": false,
  "is_synchro": false,
  "is_fusion": false,
  "is_link": false,
  "is_extra_deck": false,
  "monster_types": [
    "Effect"
  ],
  "stars": "4"
}