{
  "name": "Abaki",
  "number": "12694768",
  "is_illegal": false,
  "text": "When this card is destroyed and sent to the Graveyard by battle, both players take 500 damage.",
  "type": "Monster",
  "is_monster": true,
  "is_spell": false,
  "is_trap": false,
  "species": "Fiend",
  "attack": "1700",
  "defense": "1100",
  "attribute": "FIRE",
  "is_pendulum": false,
  "is_xyz": false,
  "is_synchro": false,
  "is_fusion": false,
  "is_link": false,
  "is_extra_deck": false,
  "monster_types": [
    "Effect"
  ],
  "stars": "4"
}