{
  "name": "Abare Ushioni",
  "number": "89718302",
  "is_illegal": false,
  "text": "Once per turn, you can toss a coin and call it. If you call it right, inflict 1000 damage to your opponent. If you call it wrong, you take 1000 damage.",
  "type": "Monster",
  "is_monster": true,
  "is_spell": false,
  "is_trap": false,
  "species": "Beast-Warrior",
  "attack": "1200",
  "defense": "1200",
  "attribute": "EARTH",
  "is_pendulum": false,
  "is_xyz": false,
  "is_synchro": false,
  "is_fusion": false,
  "is_link": false,
  "is_extra_deck": false,
  "monster_types": [
    "Effect"
  ],
  "stars": "4"
}