{
  "name": "ABC-Dragon Buster",
  "number": "1561110",
  "is_illegal": false,
  "text": "\"A-Assault Core\" + \"B-Buster Drake\" + \"C-Crush Wyvern\"\nMust first be Special Summoned (from your Extra Deck) by banishing the above cards you control and/or from your Graveyard. (You do not use \"Polymerization\".) Once per turn, during either player's turn: You can discard 1 card, then target 1 card on the field; banish it. During your opponent's turn: You can Tribute this card, then target 3 of your banished LIGHT Machine-Type Union monsters with different names; Special Summon them (this is a Quick Effect).",
  "type": "Monster",
  "is_monster": true,
  "is_spell": false,
  "is_trap": false,
  "species": "Machine",
  "attack": "3000",
  "defense": "2800",
  "attribute": "LIGHT",
  "is_pendulum": false,
  "is_xyz": false,
  "is_synchro": false,
  "is_fusion": true,
  "is_link": false,
  "is_extra_deck": true,
  "monster_types": [
    "Fusion"
  ],
  "stars": "8"
}