{
  "name": "Absolute Crusader",
  "number": "70832512",
  "is_illegal": false,
  "text": "When a Level 5 or higher monster is Special Summoned: Tribute this face-up card on the field; destroy that Level 5 or higher monster.",
  "type": "Monster",
  "is_monster": true,
  "is_spell": false,
  "is_trap": false,
  "species": "Warrior",
  "attack": "1800",
  "defense": "1200",
  "attribute": "EARTH",
  "is_pendulum": false,
  "is_xyz": false,
  "is_synchro": false,
  "is_fusion": false,
  "is_link": false,
  "is_extra_deck": false,
  "monster_types": [
    "Effect"
  ],
  "stars": "4"
}