{
  "name": "Abyssal Kingshark",
  "number": "44223284",
  "is_illegal": false,
  "text": "Once per turn, if this card would be destroyed by an effect that does not target it, it is not destroyed.",
  "type": "Monster",
  "is_monster": true,
  "is_spell": false,
  "is_trap": false,
  "species": "Fish",
  "attack": "1700",
  "defense": "600",
  "attribute": "WATER",
  "is_pendulum": false,
  "is_xyz": false,
  "is_synchro": false,
  "is_fusion": false,
  "is_link": false,
  "is_extra_deck": false,
  "monster_types": [
    "Effect"
  ],
  "stars": "4"
}