{
  "name": "Abyss Actor - Comic Relief",
  "number": "15308295",
  "is_illegal": false,
  "text": "You take no battle damage from attacks involving this card. Once per turn, during your Standby Phase: Give control of this card to your opponent. Once per turn, if control of this face-up card changes: Activate this effect; the owner of this card can destroy 1 Set \“Abyss Script\” Spell in their Spell & Trap Zone.",
  "type": "Monster",
  "is_monster": true,
  "is_spell": false,
  "is_trap": false,
  "species": "Fiend",
  "attack": "1000",
  "defense": "2000",
  "attribute": "DARK",
  "is_pendulum": true,
  "is_xyz": false,
  "is_synchro": false,
  "is_fusion": false,
  "is_link": false,
  "is_extra_deck": false,
  "monster_types": [
    "Pendulum",
    "Effect"
  ],
  "pendulum_left": "8",
  "pendulum_right": "8",
  "pendulum_text": "You can target 1 \"Abyss Actor\" Pendulum Monster you control and 1 monster your opponent controls; switch control of both monsters, then destroy this card. You can only use this effect of \"Abyss Actor - Comic Relief\" once per turn.",
  "stars": "3"
}
