{
  "name": "Abyss Actor - Evil Heel",
  "number": "52240819",
  "is_illegal": false,
  "text": "If this card is Normal or Special Summoned: You can target 1 face-up monster your opponent controls; it loses 1000 ATK for each \"Abyss Actor\" monster you currently control, until the end of this turn. When this card destroys an opponent's monster by battle: You can target 1 \"Abyss Script\" Spell Card in your Graveyard; Set that card.",
  "type": "Monster",
  "is_monster": true,
  "is_spell": false,
  "is_trap": false,
  "species": "Fiend",
  "attack": "3000",
  "defense": "2000",
  "attribute": "DARK",
  "is_pendulum": true,
  "is_xyz": false,
  "is_synchro": false,
  "is_fusion": false,
  "is_link": false,
  "is_extra_deck": false,
  "monster_types": [
    "Pendulum",
    "Effect"
  ],
  "pendulum_left": "1",
  "pendulum_right": "1",
  "pendulum_text": "Once per turn: You can Tribute 1 \"Abyss Actor\" monster, then target 1 face-up monster your opponent controls; it loses ATK equal to the original ATK of the Tributed monster, until the end of this turn (even if this card leaves the field).",
  "stars": "8"
}