{
  "name": "Abyss Actors' Curtain Call",
  "number": "04682617",
  "is_illegal": false,
  "text": "If an \"Abyss Script\" Spell Card or effect was activated this turn: Add face-up \"Abyss Actor\" Pendulum Monsters from your Extra Deck to your hand, up to the number of \"Abyss Script\" Spells in your GY. Then you can Special Summon \"Abyss Actor\" Pendulum Monsters from your hand with different names, up to the number of monsters added to the hand by this effect. You cannot Special Summon monsters for the rest of this turn, except \"Abyss Actor\" Pendulum Monsters. You can only activate 1 \"Abyss Actors' Curtain Call\" per turn.",
  "type": "Spell",
  "is_monster": false,
  "is_spell": false,
  "is_trap": true,
  "property": "Normal"
}
