{
  "name": "Abyss Soldier",
  "number": "18318842",
  "is_illegal": false,
  "text": "Once per turn: You can discard 1 WATER monster to the Graveyard to target 1 card on the field; return it to the hand.",
  "type": "Monster",
  "is_monster": true,
  "is_spell": false,
  "is_trap": false,
  "species": "Aqua",
  "attack": "1800",
  "defense": "1300",
  "attribute": "WATER",
  "is_pendulum": false,
  "is_xyz": false,
  "is_synchro": false,
  "is_fusion": false,
  "is_link": false,
  "is_extra_deck": false,
  "monster_types": [
    "Effect"
  ],
  "stars": "4"
}