{
  "name": "Abyss Dweller",
  "number": "21044178",
  "is_illegal": false,
  "text": "2 Level 4 monsters\nWhile this card has an Xyz Material attached that was originally WATER, all WATER monsters you control gain 500 ATK. Once per turn, during either player's turn: You can detach 1 Xyz Material from this card; any card effects that activate in your opponent's Graveyard cannot be activated this turn.",
  "type": "Monster",
  "is_monster": true,
  "is_spell": false,
  "is_trap": false,
  "species": "Sea Serpent",
  "attack": "1700",
  "defense": "1400",
  "attribute": "WATER",
  "is_pendulum": false,
  "is_xyz": true,
  "is_synchro": false,
  "is_fusion": false,
  "is_link": false,
  "is_extra_deck": true,
  "monster_types": [
    "XYZ"
  ],
  "stars": "4"
}