{
  "name": "Abyss Actor - Leading Lady",
  "number": "24907044",
  "is_illegal": false,
  "text": "Once per turn, when battle damage is inflicted: You can target 1 face-up monster your opponent controls; it loses ATK equal to that battle damage. When this card is destroyed by battle, or if this card in its owner's Monster Zone is destroyed by an opponent's card effect: You can Set 1 \"Abyss Script\" Spell Card directly from your Deck.",
  "type": "Monster",
  "is_monster": true,
  "is_spell": false,
  "is_trap": false,
  "species": "Fiend",
  "attack": "1500",
  "defense": "1000",
  "attribute": "DARK",
  "is_pendulum": true,
  "is_xyz": false,
  "is_synchro": false,
  "is_fusion": false,
  "is_link": false,
  "is_extra_deck": false,
  "monster_types": [
    "Pendulum",
    "Effect"
  ],
  "pendulum_left": "2",
  "pendulum_right": "2",
  "pendulum_text": "Once per turn, when you take battle damage from an opponent's attacking monster: You can activate 1 of these effects;â—? That opponent's monster loses ATK equal to the damage you took (even if this card leaves the field).â—? Add 1 face-up \"Abyss Actor\" Pendulum Monster from your Extra Deck to your hand with ATK less than or equal to the damage you took.",
  "stars": "4"
}