{
  "name": "Abyss Actor - Mellow Madonna",
  "number": "78310590",
  "is_illegal": false,
  "text": "Gains 100 ATK for each \"Abyss Script\" Spell in your GY. You can only use each of the following effects of \"Abyss Actor - Mellow Madonna\" once per turn.\n● When a Pendulum Monster you control is destroyed by battle: You can Special Summon this card from your hand.\n● If an \"Abyss Script\" Spell Card or effect is activated: You can Special Summon 1 Level 4 or lower \"Abyss Actor\" Pendulum Monster from your Deck, but return it to the hand during the End Phase.",
  "type": "Monster",
  "is_monster": true,
  "is_spell": false,
  "is_trap": false,
  "species": "Fiend",
  "attack": "1800",
  "defense": "2500",
  "attribute": "DARK",
  "is_pendulum": true,
  "is_xyz": false,
  "is_synchro": false,
  "is_fusion": false,
  "is_link": false,
  "is_extra_deck": false,
  "monster_types": [
    "Pendulum",
    "Effect"
  ],
  "pendulum_left": "0",
  "pendulum_right": "0",
  "pendulum_text": "You can pay 1000 LP; add 1 \"Abyss Actor\" Pendulum Monster from your Deck to your hand, except \"Abyss Actor - Mellow Madonna\", also you cannot Special Summon monsters for the rest of this turn, except \"Abyss Actor\" Pendulum Monsters (even if this card leaves the field). You can only use this effect of \"Abyss Actor - Mellow Madonna\" once per turn.",
  "stars": "7"
}
