{
  "name": "Abyss Script - Fire Dragon's Lair",
  "number": "50179591",
  "is_illegal": false,
  "text": "Target 1 \"Abyss Actor\" monster you control; if it destroys your opponent's monster by battle this turn, your opponent banishes 3 monsters from their Extra Deck (their choice). If this Set card in its owner's control is destroyed by an opponent's card effect, and you have a face-up \"Abyss Actor\" Pendulum Monster in your Extra Deck: You can look at your opponent's Extra Deck, also banish 1 monster from their Extra Deck. You can only use this effect of \"Abyss Script - Fire Dragon's Lair\" once per turn.",
  "type": "Spell",
  "is_monster": false,
  "is_spell": true,
  "is_trap": false,
  "property": "Normal"
}