{
  "name": "Accel Synchron",
  "number": "37675907",
  "is_illegal": false,
  "text": "1 Tuner + 1 or more non-Tuner monsters\nOnce per turn: You can send 1 \"Synchron\" monster from your Deck to the Graveyard, then activate 1 of these effects;\nâ—? Increase this card's Level by the Level of the monster sent to the Graveyard by this effect.\nâ—? Reduce this card's Level by the Level of the monster sent to the Graveyard by this effect. During your opponent's Main Phase, you can: Immediately after this effect resolves, Synchro Summon using this card you control (this is a Quick Effect). You can only Synchro Summon \"Accel Synchron\" once per turn.",
  "type": "Monster",
  "is_monster": true,
  "is_spell": false,
  "is_trap": false,
  "species": "Machine",
  "attack": "500",
  "defense": "2100",
  "attribute": "DARK",
  "is_pendulum": false,
  "is_xyz": false,
  "is_synchro": true,
  "is_fusion": false,
  "is_link": false,
  "is_extra_deck": true,
  "monster_types": [
    "Synchro",
    "Tuner"
  ],
  "stars": "5"
}