{
  "name": "Achacha Chanbara",
  "number": "62476197",
  "is_illegal": false,
  "text": "During either player's turn, when a card or effect is activated that will inflict damage when it resolves: You can Special Summon this card from your hand, and if you do, inflict 400 damage to your opponent.",
  "type": "Monster",
  "is_monster": true,
  "is_spell": false,
  "is_trap": false,
  "species": "Warrior",
  "attack": "1400",
  "defense": "400",
  "attribute": "FIRE",
  "is_pendulum": false,
  "is_xyz": false,
  "is_synchro": false,
  "is_fusion": false,
  "is_link": false,
  "is_extra_deck": false,
  "monster_types": [
    "Effect"
  ],
  "stars": "3"
}