{
  "name": "Acorno",
  "number": "21051977",
  "is_illegal": false,
  "text": "During your Main Phase: You can send 1 \"Pinecono\" from your hand to the Graveyard, and Special Summon this card from the hand.",
  "type": "Monster",
  "is_monster": true,
  "is_spell": false,
  "is_trap": false,
  "species": "Plant",
  "attack": "200",
  "defense": "400",
  "attribute": "EARTH",
  "is_pendulum": false,
  "is_xyz": false,
  "is_synchro": false,
  "is_fusion": false,
  "is_link": false,
  "is_extra_deck": false,
  "monster_types": [
    "Effect"
  ],
  "stars": "1"
}