{
  "name": "Acrobat Monkey",
  "number": "47372349",
  "is_illegal": false,
  "text": "An autonomous monkey type robot which was developed with cutting-edge technology. It moves very acrobatically.",
  "type": "Monster",
  "is_monster": true,
  "is_spell": false,
  "is_trap": false,
  "species": "Machine",
  "attack": "1000",
  "defense": "1800",
  "attribute": "EARTH",
  "is_pendulum": false,
  "is_xyz": false,
  "is_synchro": false,
  "is_fusion": false,
  "is_link": false,
  "is_extra_deck": false,
  "monster_types": [
    "Normal"
  ],
  "stars": "3"
}