{
  "name": "Adhesive Explosive",
  "number": "53828396",
  "is_illegal": false,
  "text": "Before damage calculation, if this card was attacked by your opponent's monster and was in face-down Defense Position card at the start of Damage Step: Equip this card to the attacking monster. Then, during your opponent's next Standby Phase, destroy the monster this card is equipped to.",
  "type": "Monster",
  "is_monster": true,
  "is_spell": false,
  "is_trap": false,
  "species": "Machine",
  "attack": "1000",
  "defense": "1000",
  "attribute": "WIND",
  "is_pendulum": false,
  "is_xyz": false,
  "is_synchro": false,
  "is_fusion": false,
  "is_link": false,
  "is_extra_deck": false,
  "monster_types": [
    "Effect"
  ],
  "stars": "3"
}