{
  "name": "Adreus, Keeper of Armageddon",
  "number": "94119480",
  "is_illegal": false,
  "text": "2 Level 5 monsters\nOnce per turn: You can detach 1 Xyz Material from this card to target 1 face-up card your opponent controls; destroy it.",
  "type": "Monster",
  "is_monster": true,
  "is_spell": false,
  "is_trap": false,
  "species": "Fiend",
  "attack": "2600",
  "defense": "1700",
  "attribute": "DARK",
  "is_pendulum": false,
  "is_xyz": true,
  "is_synchro": false,
  "is_fusion": false,
  "is_link": false,
  "is_extra_deck": true,
  "monster_types": [
    "XYZ"
  ],
  "stars": "5"
}