{
  "name": "Alchemic Magician",
  "number": "65301952",
  "is_illegal": false,
  "text": "3 Level 4 Spellcaster-Type monsters\nThis card gains 200 ATK for each Spell Card in your Graveyard. Once per turn, during your End Phase: You can detach 1 Xyz Material from this card and send 1 card from your hand to the Graveyard; choose 1 Spell Card from your Deck, then Set it in your Spell & Trap Card Zone.",
  "type": "Monster",
  "is_monster": true,
  "is_spell": false,
  "is_trap": false,
  "species": "Spellcaster",
  "attack": "1500",
  "defense": "1500",
  "attribute": "DARK",
  "is_pendulum": false,
  "is_xyz": true,
  "is_synchro": false,
  "is_fusion": false,
  "is_link": false,
  "is_extra_deck": true,
  "monster_types": [
    "XYZ"
  ],
  "stars": "4"
}