{
  "name": "Aleister the Invoker of Madness",
  "number": "97973962",
  "is_illegal": false,
  "text": "2 monsters with different Types and different Attributes\nThis card's name becomes \"Aleister the Invoker\" while on the field or in the GY. If a monster is Fusion Summoned while you control this monster (except during the Damage Step): You can discard 1 card, and if you do, add 1 \"Invocation\" or \"The Book of the Law\" from your Deck to your hand. If this face-up card you control leaves the field because of an opponent's card effect: You can add 1 \"Omega Summon\" from your Deck to your hand.",
  "type": "Monster",
  "is_monster": true,
  "is_spell": false,
  "is_trap": false,
  "species": "Spellcaster",
  "attack": "1800",
  "attribute": "DARK",
  "is_pendulum": false,
  "is_xyz": false,
  "is_synchro": false,
  "is_fusion": false,
  "is_link": true,
  "is_extra_deck": true,
  "monster_types": [
    "Link"
  ],
  "link_markers": [
    "Bottom-Left",
    "Bottom-Right"
  ],
  "link_number": "2"
}
