{
  "name": "Alien Hypno",
  "number": "38468214",
  "is_illegal": false,
  "text": "This card is treated as a Normal Monster while face-up on the field or in the Graveyard. While this card is face-up on the field, you can Normal Summon it to have it be treated as an Effect Monster with this effect:\nâ—? During your Main Phase, you can select 1 monster your opponent controls with an A-Counter(s), and take control of it while this card is on the field. During each of your End Phases, remove 1 A-Counter from each controlled monster. If all A-Counters are removed from one of these monsters, destroy it.",
  "type": "Monster",
  "is_monster": true,
  "is_spell": false,
  "is_trap": false,
  "species": "Reptile",
  "attack": "1600",
  "defense": "700",
  "attribute": "WATER",
  "is_pendulum": false,
  "is_xyz": false,
  "is_synchro": false,
  "is_fusion": false,
  "is_link": false,
  "is_extra_deck": false,
  "monster_types": [
    "Gemini"
  ],
  "stars": "4"
}