{
  "name": "Alien Kid",
  "number": "64160836",
  "is_illegal": false,
  "text": "Place 1 A-Counter on all monsters Special Summoned to your opponent's side of the field. (If a monster with an A-Counter battles an \"Alien\" monster, it loses 300 ATK and DEF for each A-Counter during damage calculation only.)",
  "type": "Monster",
  "is_monster": true,
  "is_spell": false,
  "is_trap": false,
  "species": "Reptile",
  "attack": "1600",
  "defense": "700",
  "attribute": "LIGHT",
  "is_pendulum": false,
  "is_xyz": false,
  "is_synchro": false,
  "is_fusion": false,
  "is_link": false,
  "is_extra_deck": false,
  "monster_types": [
    "Effect"
  ],
  "stars": "4"
}