{
  "name": "Alien Telepath",
  "number": "91070115",
  "is_illegal": false,
  "text": "Once per turn, you can remove 1 A-Counter from a monster your opponent controls, and destroy 1 Spell or Trap Card. (If a monster with an A-Counter battles an \"Alien\" monster, it loses 300 ATK and DEF for each A-Counter during damage calculation only.)",
  "type": "Monster",
  "is_monster": true,
  "is_spell": false,
  "is_trap": false,
  "species": "Reptile",
  "attack": "1600",
  "defense": "1000",
  "attribute": "FIRE",
  "is_pendulum": false,
  "is_xyz": false,
  "is_synchro": false,
  "is_fusion": false,
  "is_link": false,
  "is_extra_deck": false,
  "monster_types": [
    "Effect"
  ],
  "stars": "4"
}