{
  "name": "Ally of Justice Thunder Armor",
  "number": "71438011",
  "is_illegal": false,
  "text": "This card cannot be Special Summoned. During the battle between an attacking \"Ally of Justice\" monster you control and a Defense Position monster whose DEF is lower than the ATK of the attacking monster, inflict the difference as Battle Damage to your opponent.",
  "type": "Monster",
  "is_monster": true,
  "is_spell": false,
  "is_trap": false,
  "species": "Machine",
  "attack": "2700",
  "defense": "2200",
  "attribute": "DARK",
  "is_pendulum": false,
  "is_xyz": false,
  "is_synchro": false,
  "is_fusion": false,
  "is_link": false,
  "is_extra_deck": false,
  "monster_types": [
    "Effect"
  ],
  "stars": "8"
}