{
  "name": "Ally Mind",
  "number": "40155554",
  "is_illegal": false,
  "text": "A high-performance unit developed to enhance the Artificial Intelligence program of the Allies of Justice. Loaded with elements collected from a meteor found in the Worm Nebula, it allows for highly tuned performance. But its full capacity is not yet determined.",
  "type": "Monster",
  "is_monster": true,
  "is_spell": false,
  "is_trap": false,
  "species": "Machine",
  "attack": "1800",
  "defense": "1400",
  "attribute": "DARK",
  "is_pendulum": false,
  "is_xyz": false,
  "is_synchro": false,
  "is_fusion": false,
  "is_link": false,
  "is_extra_deck": false,
  "monster_types": [
    "Normal",
    "Tuner"
  ],
  "stars": "5"
}