{
  "name": "Ally of Justice Rudra",
  "number": "52265835",
  "is_illegal": false,
  "text": "If this card battles a LIGHT monster, it gains 700 ATK during the Damage Step only.",
  "type": "Monster",
  "is_monster": true,
  "is_spell": false,
  "is_trap": false,
  "species": "Machine",
  "attack": "1900",
  "defense": "1200",
  "attribute": "DARK",
  "is_pendulum": false,
  "is_xyz": false,
  "is_synchro": false,
  "is_fusion": false,
  "is_link": false,
  "is_extra_deck": false,
  "monster_types": [
    "Effect"
  ],
  "stars": "5"
}