{
  "name": "Ally of Justice Unlimiter",
  "number": "82377606",
  "is_illegal": false,
  "text": "You can Tribute this card to double the original ATK of 1 face-up \"Ally of Justice\" monster you control until the End Phase.",
  "type": "Monster",
  "is_monster": true,
  "is_spell": false,
  "is_trap": false,
  "species": "Machine",
  "attack": "600",
  "defense": "200",
  "attribute": "DARK",
  "is_pendulum": false,
  "is_xyz": false,
  "is_synchro": false,
  "is_fusion": false,
  "is_link": false,
  "is_extra_deck": false,
  "monster_types": [
    "Effect"
  ],
  "stars": "2"
}