{
  "name": "Ally of Justice Clausolas",
  "number": "89386122",
  "is_illegal": false,
  "text": "A mighty monster in Mist Valley, and the ultimate weapon designed from Claiomh Solais. Its surprise attacks from above baffle invaders.",
  "type": "Monster",
  "is_monster": true,
  "is_spell": false,
  "is_trap": false,
  "species": "Machine",
  "attack": "2300",
  "defense": "1200",
  "attribute": "DARK",
  "is_pendulum": false,
  "is_xyz": false,
  "is_synchro": false,
  "is_fusion": false,
  "is_link": false,
  "is_extra_deck": false,
  "monster_types": [
    "Normal"
  ],
  "stars": "6"
}