{
  "name": "Ally of Justice Nullfier",
  "number": "76650663",
  "is_illegal": false,
  "text": "Any LIGHT monster that has battled this card has its effects negated (starting after damage calculation).",
  "type": "Monster",
  "is_monster": true,
  "is_spell": false,
  "is_trap": false,
  "species": "Machine",
  "attack": "1600",
  "defense": "1200",
  "attribute": "DARK",
  "is_pendulum": false,
  "is_xyz": false,
  "is_synchro": false,
  "is_fusion": false,
  "is_link": false,
  "is_extra_deck": false,
  "monster_types": [
    "Effect"
  ],
  "stars": "4"
}