{
  "name": "Ally of Justice Thousand Arms",
  "number": "85876417",
  "is_illegal": false,
  "text": "This card can attack all face-up LIGHT monsters your opponent controls once each. If this card battles a non-LIGHT monster, destroy this card before damage calculation.",
  "type": "Monster",
  "is_monster": true,
  "is_spell": false,
  "is_trap": false,
  "species": "Machine",
  "attack": "1700",
  "defense": "0",
  "attribute": "DARK",
  "is_pendulum": false,
  "is_xyz": false,
  "is_synchro": false,
  "is_fusion": false,
  "is_link": false,
  "is_extra_deck": false,
  "monster_types": [
    "Effect"
  ],
  "stars": "4"
}