{
  "name": "Ally of Justice Unknown Crusher",
  "number": "22371016",
  "is_illegal": false,
  "text": "When this card battles a LIGHT monster, remove that monster from play after damage calculation.",
  "type": "Monster",
  "is_monster": true,
  "is_spell": false,
  "is_trap": false,
  "species": "Machine",
  "attack": "1200",
  "defense": "800",
  "attribute": "DARK",
  "is_pendulum": false,
  "is_xyz": false,
  "is_synchro": false,
  "is_fusion": false,
  "is_link": false,
  "is_extra_deck": false,
  "monster_types": [
    "Effect"
  ],
  "stars": "3"
}