{
  "name": "Ally of Justice Searcher",
  "number": "3648368",
  "is_illegal": false,
  "text": "Once per turn, you can discard 1 card to select 1 face-down Defense Position monster your opponent controls and change it to face-up Attack Position. Flip Effects are not activated at this time.",
  "type": "Monster",
  "is_monster": true,
  "is_spell": false,
  "is_trap": false,
  "species": "Machine",
  "attack": "1400",
  "defense": "100",
  "attribute": "DARK",
  "is_pendulum": false,
  "is_xyz": false,
  "is_synchro": false,
  "is_fusion": false,
  "is_link": false,
  "is_extra_deck": false,
  "monster_types": [
    "Effect"
  ],
  "stars": "3"
}