{
  "name": "Ally of Justice Enemy Catcher",
  "number": "45033006",
  "is_illegal": false,
  "text": "When this card is Normal Summoned, you can take control of 1 face-down Defense Position monster your opponent controls, until the End Phase of this turn.",
  "type": "Monster",
  "is_monster": true,
  "is_spell": false,
  "is_trap": false,
  "species": "Machine",
  "attack": "1800",
  "defense": "1800",
  "attribute": "DARK",
  "is_pendulum": false,
  "is_xyz": false,
  "is_synchro": false,
  "is_fusion": false,
  "is_link": false,
  "is_extra_deck": false,
  "monster_types": [
    "Effect"
  ],
  "stars": "6"
}