{
  "name": "Ally of Justice Cosmic Gateway",
  "number": "8822710",
  "is_illegal": false,
  "text": "If your opponent controls 2 or more monsters, including a LIGHT monster, you can Special Summon this card from your hand.",
  "type": "Monster",
  "is_monster": true,
  "is_spell": false,
  "is_trap": false,
  "species": "Machine",
  "attack": "2400",
  "defense": "1200",
  "attribute": "DARK",
  "is_pendulum": false,
  "is_xyz": false,
  "is_synchro": false,
  "is_fusion": false,
  "is_link": false,
  "is_extra_deck": false,
  "monster_types": [
    "Effect"
  ],
  "stars": "8"
}