{
  "name": "Altergeist Kunquery",
  "number": "52927340",
  "is_illegal": false,
  "text": "When an opponent's monster declares an attack, if you control an \"Altergeist\" card: You can Special Summon this card from your hand, and if you do, negate that attack. If this card is Special Summoned: You can target 1 face-up card your opponent controls; negate the effects of that card while it and this monster are face-up on the field.",
  "type": "Monster",
  "is_monster": true,
  "is_spell": false,
  "is_trap": false,
  "species": "Spellcaster",
  "attack": "0",
  "defense": "2400",
  "attribute": "EARTH",
  "is_pendulum": false,
  "is_xyz": false,
  "is_synchro": false,
  "is_fusion": false,
  "is_link": false,
  "is_extra_deck": false,
  "monster_types": [
    "Effect"
  ],
  "stars": "5"
}