{
  "name": "Altergeist Manifestation",
  "number": "35146019",
  "is_illegal": false,
  "text": "Activate this card by targeting 1 \"Altergeist\" monster in your GY; Special Summon it in Attack Position, and if you do, equip this card to it. When this card leaves the field, destroy the equipped monster. You can banish this card from your GY, then target 1 \"Altergeist\" Trap in your GY; add it to your hand. You can only use this effect of \"Altergeist Materialization\" once per turn.",
  "type": "Trap",
  "is_monster": false,
  "is_spell": false,
  "is_trap": true,
  "property": "Normal"
}