{
  "name": "Altergeist Pixiel",
  "number": "57769391",
  "is_illegal": false,
  "text": "You can Tribute this card; excavate the top 3 cards of your Deck, add 1 excavated \"Altergeist\" card to your hand, also send the rest to the GY. You can only use this effect of \"Altergeist Pixiel\" once per turn.",
  "type": "Monster",
  "is_monster": true,
  "is_spell": false,
  "is_trap": false,
  "species": "Spellcaster",
  "attack": "100",
  "defense": "100",
  "attribute": "WIND",
  "is_pendulum": false,
  "is_xyz": false,
  "is_synchro": false,
  "is_fusion": false,
  "is_link": false,
  "is_extra_deck": false,
  "monster_types": [
    "Effect"
  ],
  "stars": "1"
}