{
  "name": "Altergeist Hexstia",
  "number": "1508649",
  "is_illegal": false,
  "text": "2 \"Altergeist\" monsters\nGains ATK equal to the combined original ATK of all \"Altergeist\" monsters this card points to. When a Spell/Trap Card or effect is activated (Quick Effect): You can Tribute 1 \"Altergeist\" monster this card points to; negate the activation, and if you do, destroy that card. If this card is sent from the field to the GY: You can add 1 \"Altegeist\" card from your Deck to your hand. You can only use this effect of \"Altergeist Hextia\" once per turn.",
  "type": "Monster",
  "is_monster": true,
  "is_spell": false,
  "is_trap": false,
  "species": "Spellcaster",
  "attack": "1500",
  "attribute": "FIRE",
  "is_pendulum": false,
  "is_xyz": false,
  "is_synchro": false,
  "is_fusion": false,
  "is_link": true,
  "is_extra_deck": true,
  "monster_types": [
    "Link"
  ],
  "link_markers": [
    "Bottom",
    "Right"
  ],
  "link_number": "2"
}