{
  "name": "Altergeist Multifaker",
  "number": "42790071",
  "is_illegal": false,
  "text": "If you activate a Trap Card (except during the Damage Step): You can Special Summon this card from your hand. If this card is Special Summoned: You can Special Summon 1 \"Altergeist\" monster from your Deck in Defense Position, except \"Altergeist Multifaker\". You cannot Special Summon monsters the turn you activate this effect, except \"Altergeist\" monsters. You can only use each effect of \"Altergeist Multifaker\" once per turn.",
  "type": "Monster",
  "is_monster": true,
  "is_spell": false,
  "is_trap": false,
  "species": "Spellcaster",
  "attack": "1200",
  "defense": "800",
  "attribute": "DARK",
  "is_pendulum": false,
  "is_xyz": false,
  "is_synchro": false,
  "is_fusion": false,
  "is_link": false,
  "is_extra_deck": false,
  "monster_types": [
    "Effect"
  ],
  "stars": "3"
}