{
  "name": "Altergeist Silquitous",
  "number": "89538537",
  "is_illegal": false,
  "text": "(Quick Effect): You can return 1 other \"Altergeist\" card you control to the hand, then target 1 card your opponent controls; return it to the hand. If this card is sent from the field to the GY: You can target 1 \"Altergeist\" Trap in your GY; add it to your hand. You can only use each effect of \"Altergeist Silquitous\" once per turn.",
  "type": "Monster",
  "is_monster": true,
  "is_spell": false,
  "is_trap": false,
  "species": "Spellcaster",
  "attack": "800",
  "defense": "1500",
  "attribute": "WIND",
  "is_pendulum": false,
  "is_xyz": false,
  "is_synchro": false,
  "is_fusion": false,
  "is_link": false,
  "is_extra_deck": false,
  "monster_types": [
    "Effect"
  ],
  "stars": "2"
}