{
  "name": "Altergeist Emulatelf",
  "number": "86885905",
  "is_illegal": false,
  "text": "Special Summon this card as an Effect Monster (Spellcaster/LIGHT/Level 4/ATK 1400/DEF 1800). (This card is also still a Trap.) If Summoned this way, while it is in the Monster Zone, other \"Altergeist\" Traps you control cannot be destroyed by card effects, also neither player can target them with card effects.",
  "type": "Trap",
  "is_monster": false,
  "is_spell": false,
  "is_trap": true,
  "property": "Continuous"
}