{
  "name": "Altergeist Primebanshee",
  "number": "93503294",
  "is_illegal": false,
  "text": "2+ \"Altergeist\" monsters\nDuring the Main Phase (Quick Effect): You can Tribute 1 other \"Altergeist\" monster; Special Summon 1 \"Altergeist\" monster from your Deck to your zone this card points to. If this card is sent from the field to the GY: You can target 1 \"Altergeist\" card in your GY; add it to your hand. You can only use each effect of \"Altergeist Primebanshee\" once per turn.",
  "type": "Monster",
  "is_monster": true,
  "is_spell": false,
  "is_trap": false,
  "species": "Spellcaster",
  "attack": "2100",
  "attribute": "DARK",
  "is_pendulum": false,
  "is_xyz": false,
  "is_synchro": false,
  "is_fusion": false,
  "is_link": true,
  "is_extra_deck": true,
  "monster_types": [
    "Link"
  ],
  "link_markers": [
    "Bottom",
    "Bottom-Right",
    "Right"
  ],
  "link_number": "3"
}