{
  "name": "Amano-Iwato",
  "number": "32181268",
  "is_illegal": false,
  "text": "Cannot be Special Summoned. Monsters cannot activate their effects, except Spirit monsters. Once per turn, during the End Phase, if this card was Normal Summoned or flipped face-up this turn: Return this card to the hand.",
  "type": "Monster",
  "is_monster": true,
  "is_spell": false,
  "is_trap": false,
  "species": "Rock",
  "attack": "1900",
  "defense": "1200",
  "attribute": "EARTH",
  "is_pendulum": false,
  "is_xyz": false,
  "is_synchro": false,
  "is_fusion": false,
  "is_link": false,
  "is_extra_deck": false,
  "monster_types": [
    "Spirit"
  ],
  "stars": "4"
}