{
  "name": "Amarylease",
  "number": "18988391",
  "is_illegal": false,
  "text": "During your Main Phase: You can banish this card from your Graveyard; you can Normal Summon 1 monster this turn for 1 less Tribute. You can only use the effect of \"Amarylease\" once per turn.",
  "type": "Monster",
  "is_monster": true,
  "is_spell": false,
  "is_trap": false,
  "species": "Plant",
  "attack": "100",
  "defense": "200",
  "attribute": "EARTH",
  "is_pendulum": false,
  "is_xyz": false,
  "is_synchro": false,
  "is_fusion": false,
  "is_link": false,
  "is_extra_deck": false,
  "monster_types": [
    "Effect"
  ],
  "stars": "1"
}