{
  "name": "Amazoness Trainee",
  "number": "89567993",
  "is_illegal": false,
  "text": "Monsters destroyed by battle with this card are returned to the bottom of the Deck instead of going to the Graveyard. If this card destroys an opponent's monster by battle: It gains 200 ATK.",
  "type": "Monster",
  "is_monster": true,
  "is_spell": false,
  "is_trap": false,
  "species": "Warrior",
  "attack": "1500",
  "defense": "1300",
  "attribute": "EARTH",
  "is_pendulum": false,
  "is_xyz": false,
  "is_synchro": false,
  "is_fusion": false,
  "is_link": false,
  "is_extra_deck": false,
  "monster_types": [
    "Effect"
  ],
  "stars": "4"
}