{
  "name": "Amazoness Archer",
  "number": "91869203",
  "is_illegal": false,
  "text": "You can Tribute 2 monsters; inflict 1200 damage to your opponent.",
  "type": "Monster",
  "is_monster": true,
  "is_spell": false,
  "is_trap": false,
  "species": "Warrior",
  "attack": "1400",
  "defense": "1000",
  "attribute": "EARTH",
  "is_pendulum": false,
  "is_xyz": false,
  "is_synchro": false,
  "is_fusion": false,
  "is_link": false,
  "is_extra_deck": false,
  "monster_types": [
    "Effect"
  ],
  "stars": "4"
}