{
  "name": "Amazoness Onslaught",
  "number": "83407038",
  "is_illegal": false,
  "text": "Once per turn, during the Battle Phase: You can Special Summon 1 \"Amazoness\" monster from your hand, and if you do, it gains 500 ATK until the end of this turn (even if this card leaves the field). After damage calculation, if your \"Amazoness\" monster battled an opponent's monster while this card is already face-up in your Spell & Trap Zone: You can banish that opponent's monster. If this card on the field is destroyed and sent to the GY: You can target 1 \"Amazoness\" monster in your GY; Special Summon it.",
  "type": "Trap",
  "is_monster": false,
  "is_spell": false,
  "is_trap": true,
  "property": "Continuous"
}