{
  "name": "Amazoness Queen",
  "number": "15951532",
  "is_illegal": false,
  "text": "\"Amazoness\" monsters you control cannot be destroyed by battle.",
  "type": "Monster",
  "is_monster": true,
  "is_spell": false,
  "is_trap": false,
  "species": "Warrior",
  "attack": "2400",
  "defense": "1800",
  "attribute": "EARTH",
  "is_pendulum": false,
  "is_xyz": false,
  "is_synchro": false,
  "is_fusion": false,
  "is_link": false,
  "is_extra_deck": false,
  "monster_types": [
    "Effect"
  ],
  "stars": "6"
}