{
  "name": "Amazoness Chain Master",
  "number": "29654737",
  "is_illegal": false,
  "text": "When this card is destroyed by battle and sent to the Graveyard: You can pay 1500 Life Points; look at your opponent's hand, then add 1 monster from their hand to your hand.",
  "type": "Monster",
  "is_monster": true,
  "is_spell": false,
  "is_trap": false,
  "species": "Warrior",
  "attack": "1500",
  "defense": "1300",
  "attribute": "EARTH",
  "is_pendulum": false,
  "is_xyz": false,
  "is_synchro": false,
  "is_fusion": false,
  "is_link": false,
  "is_extra_deck": false,
  "monster_types": [
    "Effect"
  ],
  "stars": "4"
}