{
  "name": "Amazoness Scouts",
  "number": "71209500",
  "is_illegal": false,
  "text": "During either player's turn: You can Tribute this card; this turn, face-up \"Amazoness\" monsters you currently control cannot be targeted by monster effects, and cannot be destroyed by card effects.",
  "type": "Monster",
  "is_monster": true,
  "is_spell": false,
  "is_trap": false,
  "species": "Warrior",
  "attack": "500",
  "defense": "1100",
  "attribute": "EARTH",
  "is_pendulum": false,
  "is_xyz": false,
  "is_synchro": false,
  "is_fusion": false,
  "is_link": false,
  "is_extra_deck": false,
  "monster_types": [
    "Effect"
  ],
  "stars": "2"
}