{
  "name": "Amazoness Baby Tiger",
  "number": "10928224",
  "is_illegal": false,
  "text": "This card's name becomes \"Amazoness Tiger\" while on the field or in the GY. If an \"Amazoness\" monster(s) is Normal or Special Summoned to your field while this card is in your hand or GY: You can Special Summon this card. You can only use this effect of \"Amazoness Baby Tiger\" once per turn. Gains 100 ATK for each \"Amazoness\" card in your GY.",
  "type": "Monster",
  "is_monster": true,
  "is_spell": false,
  "is_trap": false,
  "species": "Beast",
  "attack": "500",
  "defense": "500",
  "attribute": "EARTH",
  "is_pendulum": false,
  "is_xyz": false,
  "is_synchro": false,
  "is_fusion": false,
  "is_link": false,
  "is_extra_deck": false,
  "monster_types": [
    "Effect"
  ],
  "stars": "2"
}