{
  "name": "Amazon of the Seas",
  "number": "17968114",
  "is_illegal": false,
  "text": "A mermaid who serves as a herald to the Ocean Lord. She protects the sacred domain of Atlantis.",
  "type": "Monster",
  "is_monster": true,
  "is_spell": false,
  "is_trap": false,
  "species": "Fish",
  "attack": "1300",
  "defense": "1400",
  "attribute": "WATER",
  "is_pendulum": false,
  "is_xyz": false,
  "is_synchro": false,
  "is_fusion": false,
  "is_link": false,
  "is_extra_deck": false,
  "monster_types": [
    "Normal"
  ],
  "stars": "4"
}