{
  "name": "Amazoness Blowpiper",
  "number": "73574678",
  "is_illegal": false,
  "text": "Select 1 face-up monster your opponent controls during each of your Standby Phases. It loses 500 ATK until the end of this turn.",
  "type": "Monster",
  "is_monster": true,
  "is_spell": false,
  "is_trap": false,
  "species": "Warrior",
  "attack": "800",
  "defense": "1500",
  "attribute": "EARTH",
  "is_pendulum": false,
  "is_xyz": false,
  "is_synchro": false,
  "is_fusion": false,
  "is_link": false,
  "is_extra_deck": false,
  "monster_types": [
    "Effect"
  ],
  "stars": "3"
}