{
  "name": "Amazoness Tiger",
  "number": "10979723",
  "is_illegal": false,
  "text": "You can only control 1 \"Amazoness Tiger\". This card gains 400 ATK for each \"Amazoness\" monster you control. Your opponent cannot attack any face-up \"Amazoness\" monsters, except this one.",
  "type": "Monster",
  "is_monster": true,
  "is_spell": false,
  "is_trap": false,
  "species": "Beast",
  "attack": "1100",
  "defense": "1500",
  "attribute": "EARTH",
  "is_pendulum": false,
  "is_xyz": false,
  "is_synchro": false,
  "is_fusion": false,
  "is_link": false,
  "is_extra_deck": false,
  "monster_types": [
    "Effect"
  ],
  "stars": "4"
}