{
  "name": "Ambitious Gofer",
  "number": "41224658",
  "is_illegal": false,
  "text": "Once per turn: You can target up to 2 monsters your opponent controls; your opponent can reveal 1 monster in their hand to negate this card's effect, otherwise destroy those monsters.",
  "type": "Monster",
  "is_monster": true,
  "is_spell": false,
  "is_trap": false,
  "species": "Fiend",
  "attack": "2400",
  "defense": "100",
  "attribute": "DARK",
  "is_pendulum": false,
  "is_xyz": false,
  "is_synchro": false,
  "is_fusion": false,
  "is_link": false,
  "is_extra_deck": false,
  "monster_types": [
    "Effect"
  ],
  "stars": "6"
}