{
  "name": "Ameba",
  "number": "95174353",
  "is_illegal": false,
  "text": "When the control of this face-up card on the field shifts to your opponent, inflict 2000 points of damage to your opponent's Life Points. This effect can only be used once as long as this card remains face-up on the field.",
  "type": "Monster",
  "is_monster": true,
  "is_spell": false,
  "is_trap": false,
  "species": "Aqua",
  "attack": "300",
  "defense": "350",
  "attribute": "WATER",
  "is_pendulum": false,
  "is_xyz": false,
  "is_synchro": false,
  "is_fusion": false,
  "is_link": false,
  "is_extra_deck": false,
  "monster_types": [
    "Effect"
  ],
  "stars": "1"
}