{
  "name": "Amorphactor Pain, the Imagination Dracoverlord",
  "number": "98287529",
  "is_illegal": false,
  "text": "You can Ritual Summon this card with \"Amorphous Persona\". If this card is Ritual Summoned: Your opponent skips their next Main Phase 1. Negate the effects of face-up Fusion, Synchro, and Xyz Monsters while they are on the field. If this card is sent from the field to the Graveyard: You can add 1 \"Dracoverlord\" monster from your Deck to your hand, except \"Amorphactor Pain, the Imagination Dracoverlord\".",
  "type": "Monster",
  "is_monster": true,
  "is_spell": false,
  "is_trap": false,
  "species": "Dragon",
  "attack": "2950",
  "defense": "2500",
  "attribute": "EARTH",
  "is_pendulum": false,
  "is_xyz": false,
  "is_synchro": false,
  "is_fusion": false,
  "is_link": false,
  "is_extra_deck": false,
  "monster_types": [
    "Ritual",
    "Effect"
  ],
  "stars": "8"
}