{
  "name": "Amphibian Beast",
  "number": "67371383",
  "is_illegal": false,
  "text": "On land or in the sea, the speed of this monster is unmatchable.",
  "type": "Monster",
  "is_monster": true,
  "is_spell": false,
  "is_trap": false,
  "species": "Fish",
  "attack": "2400",
  "defense": "2000",
  "attribute": "WATER",
  "is_pendulum": false,
  "is_xyz": false,
  "is_synchro": false,
  "is_fusion": false,
  "is_link": false,
  "is_extra_deck": false,
  "monster_types": [
    "Normal"
  ],
  "stars": "6"
}