{
  "name": "Amphibious Bugroth MK-3",
  "number": "64342551",
  "is_illegal": false,
  "text": "As long as \"Umi\" remains face-up on the field, this card can attack your opponent's Life Points directly.",
  "type": "Monster",
  "is_monster": true,
  "is_spell": false,
  "is_trap": false,
  "species": "Machine",
  "attack": "1500",
  "defense": "1300",
  "attribute": "WATER",
  "is_pendulum": false,
  "is_xyz": false,
  "is_synchro": false,
  "is_fusion": false,
  "is_link": false,
  "is_extra_deck": false,
  "monster_types": [
    "Effect"
  ],
  "stars": "4"
}