{
  "name": "Amplifier",
  "number": "303660",
  "is_illegal": false,
  "text": "You can only equip this card to \"Jinzo\". As long as this card is equipped, the effects of Trap Cards controlled by the equipped monster's controller are not negated by the effect of the equipped monster. When this card is removed from the field, the equipped monster is destroyed. This card's activation and effect cannot be negated by any other card.",
  "type": "Spell",
  "is_monster": false,
  "is_spell": true,
  "is_trap": false,
  "property": "Equip"
}