{
  "name": "Amulet Dragon",
  "number": "75380687",
  "is_illegal": false,
  "text": "\"Dark Magician\" + 1 Dragon-Type monster\nMust be Fusion Summoned with the above Fusion Materials or with \"The Eye of Timaeus\", and cannot be Special Summoned by other ways. If this card is Special Summoned: Target any number of Spell Cards in any Graveyard(s) (min.1); banish those targets, and if you do, this card gains 100 ATK for each card banished by this effect. If this card is destroyed: You can target 1 Spellcaster-Type monster in your Graveyard; Special Summon that target.",
  "type": "Monster",
  "is_monster": true,
  "is_spell": false,
  "is_trap": false,
  "species": "Dragon",
  "attack": "2900",
  "defense": "2500",
  "attribute": "DARK",
  "is_pendulum": false,
  "is_xyz": false,
  "is_synchro": false,
  "is_fusion": true,
  "is_link": false,
  "is_extra_deck": true,
  "monster_types": [
    "Fusion"
  ],
  "stars": "8"
}