{
  "name": "Ancient City - Rainbow Ruins",
  "number": "34487429",
  "is_illegal": false,
  "text": "You must have this many \"Crystal Beast\" cards in your Spell & Trap Card Zone to activate and resolve these effects. â—? 1+: This card cannot be destroyed by card effects. â—? 2+: Once per turn (including the opponent's) you can halve the Battle Damage you take. â—? 3+: During either player's turn, when a Spell/Trap Card is activated: You can send 1 \"Crystal Beast\" monster you control to the Graveyard; negate the activation, and if you do, destroy it. â—? 4+: Once per turn, during your Main Phase: You can draw 1 card. â—? 5: Once per turn, during your Main Phase: You can target 1 \"Crystal Beast\" card in your Spell & Trap Card Zone; Special Summon that target.",
  "type": "Spell",
  "is_monster": false,
  "is_spell": true,
  "is_trap": false,
  "property": "Field"
}