{
  "name": "Ancient Gear Gadget",
  "number": "18486927",
  "is_illegal": false,
  "text": "If this card is Normal or Special Summoned: You can declare 1 card type (Monster, Spell, or Trap); this turn, if a monster you control attacks, your opponent's Spell Cards, Trap Cards, or monster effects (whichever was declared) cannot be activated until the end of the Damage Step. Once per turn: You can declare 1 \"Gadget\" monster's card name; until the End Phase, this card's name becomes that name.",
  "type": "Monster",
  "is_monster": true,
  "is_spell": false,
  "is_trap": false,
  "species": "Machine",
  "attack": "500",
  "defense": "2000",
  "attribute": "EARTH",
  "is_pendulum": false,
  "is_xyz": false,
  "is_synchro": false,
  "is_fusion": false,
  "is_link": false,
  "is_extra_deck": false,
  "monster_types": [
    "Effect"
  ],
  "stars": "4"
}