{
  "name": "Ancient Gear Knight",
  "number": "39303359",
  "is_illegal": false,
  "text": "This card is treated as a Normal Monster while face-up on the field or in the Graveyard. While this card is a Normal Monster on the field, you can Normal Summon it to have it become an Effect Monster with this effect.\nâ—? If this card attacks, your opponent cannot activate any Spell/Trap Cards until the end of the Damage Step.",
  "type": "Monster",
  "is_monster": true,
  "is_spell": false,
  "is_trap": false,
  "species": "Machine",
  "attack": "1800",
  "defense": "500",
  "attribute": "EARTH",
  "is_pendulum": false,
  "is_xyz": false,
  "is_synchro": false,
  "is_fusion": false,
  "is_link": false,
  "is_extra_deck": false,
  "monster_types": [
    "Gemini"
  ],
  "stars": "4"
}