{
  "name": "Ancient Pixie Dragon",
  "number": "4179255",
  "is_illegal": false,
  "text": "1 Tuner + 1 or more non-Tuner monsters\nAfter resolving a Field Spell Card that was activated during your turn: Draw 1 card. You can only use this effect of \"Ancient Pixie Dragon\" once per turn. Once per turn: You can target 1 face-up Attack Position monster on the field; destroy that target. There must be a face-up Field Spell Card on the field to activate and to resolve this effect.",
  "type": "Monster",
  "is_monster": true,
  "is_spell": false,
  "is_trap": false,
  "species": "Dragon",
  "attack": "2100",
  "defense": "3000",
  "attribute": "DARK",
  "is_pendulum": false,
  "is_xyz": false,
  "is_synchro": true,
  "is_fusion": false,
  "is_link": false,
  "is_extra_deck": true,
  "monster_types": [
    "Synchro"
  ],
  "stars": "7"
}