{
  "name": "Ancient Fairy Dragon",
  "number": "25862681",
  "is_illegal": false,
  "text": "1 Tuner + 1 or more non-Tuner monsters\nOnce per turn: You can Special Summon 1 Level 4 or lower monster from your hand. You cannot conduct your Battle Phase the turn you activate this effect. Once per turn: You can destroy as many Field Spell Cards on the field as possible, and if you do, gain 1000 LP, then you can add 1 Field Spell Card from your Deck to your hand.",
  "type": "Monster",
  "is_monster": true,
  "is_spell": false,
  "is_trap": false,
  "species": "Dragon",
  "attack": "2100",
  "defense": "3000",
  "attribute": "LIGHT",
  "is_pendulum": false,
  "is_xyz": false,
  "is_synchro": true,
  "is_fusion": false,
  "is_link": false,
  "is_extra_deck": true,
  "monster_types": [
    "Synchro"
  ],
  "stars": "7"
}