{
  "name": "Ancient Gear",
  "number": "31557782",
  "is_illegal": false,
  "text": "If you control an \"Ancient Gear\", you can Special Summon this card (from your hand) in face-up Attack Position.",
  "type": "Monster",
  "is_monster": true,
  "is_spell": false,
  "is_trap": false,
  "species": "Machine",
  "attack": "100",
  "defense": "800",
  "attribute": "EARTH",
  "is_pendulum": false,
  "is_xyz": false,
  "is_synchro": false,
  "is_fusion": false,
  "is_link": false,
  "is_extra_deck": false,
  "monster_types": [
    "Effect"
  ],
  "stars": "2"
}