{
  "name": "Ancient Gear Engineer",
  "number": "1953925",
  "is_illegal": false,
  "text": "Negate any Trap effects that target this card, and if you do, destroy that Trap Card. If this card attacks, your opponent cannot activate any Spell/Trap Cards until the end of the Damage Step. At the end of the Damage Step, if this card attacked: Target 1 Spell/Trap Card your opponent controls; destroy that target.",
  "type": "Monster",
  "is_monster": true,
  "is_spell": false,
  "is_trap": false,
  "species": "Machine",
  "attack": "1500",
  "defense": "1500",
  "attribute": "EARTH",
  "is_pendulum": false,
  "is_xyz": false,
  "is_synchro": false,
  "is_fusion": false,
  "is_link": false,
  "is_extra_deck": false,
  "monster_types": [
    "Effect"
  ],
  "stars": "5"
}