{
  "name": "Angel Trumpeter",
  "number": "87979586",
  "is_illegal": false,
  "text": "This beautiful, fairy-like flower generates a delusional mist to keep intruders away from the deepest parts of the forest, where sacred beasts dwell.",
  "type": "Monster",
  "is_monster": true,
  "is_spell": false,
  "is_trap": false,
  "species": "Plant",
  "attack": "1900",
  "defense": "1600",
  "attribute": "EARTH",
  "is_pendulum": false,
  "is_xyz": false,
  "is_synchro": false,
  "is_fusion": false,
  "is_link": false,
  "is_extra_deck": false,
  "monster_types": [
    "Normal",
    "Tuner"
  ],
  "stars": "4"
}