{
  "name": "Angmarl the Fiendish Monarch",
  "number": "65612386",
  "is_illegal": false,
  "text": "When this card is Tribute Summoned: You can banish 1 Spell Card from your Graveyard; add 1 card with the same name as the banished Spell Card from your Deck to your hand.",
  "type": "Monster",
  "is_monster": true,
  "is_spell": false,
  "is_trap": false,
  "species": "Fiend",
  "attack": "2400",
  "defense": "1000",
  "attribute": "DARK",
  "is_pendulum": false,
  "is_xyz": false,
  "is_synchro": false,
  "is_fusion": false,
  "is_link": false,
  "is_extra_deck": false,
  "monster_types": [
    "Effect"
  ],
  "stars": "6"
}