{
  "name": "Anti-Aircraft Flower",
  "number": "65064143",
  "is_illegal": false,
  "text": "By Tributing 1 Insect-Type monster on your side of the field, inflict 800 points of damage to your opponent's Life Points.",
  "type": "Monster",
  "is_monster": true,
  "is_spell": false,
  "is_trap": false,
  "species": "Plant",
  "attack": "0",
  "defense": "1600",
  "attribute": "EARTH",
  "is_pendulum": false,
  "is_xyz": false,
  "is_synchro": false,
  "is_fusion": false,
  "is_link": false,
  "is_extra_deck": false,
  "monster_types": [
    "Effect"
  ],
  "stars": "3"
}