{
  "name": "Ape Magician",
  "number": "31975743",
  "is_illegal": false,
  "text": "Cannot be Special Summoned. Once per turn, if this card is in face-up Attack Position: You can send 1 monster from your hand to the Graveyard to target 1 face-up Defense Position monster your opponent controls; take control of it until the End Phase. It cannot change its battle position this turn.",
  "type": "Monster",
  "is_monster": true,
  "is_spell": false,
  "is_trap": false,
  "species": "Beast",
  "attack": "800",
  "defense": "1200",
  "attribute": "DARK",
  "is_pendulum": false,
  "is_xyz": false,
  "is_synchro": false,
  "is_fusion": false,
  "is_link": false,
  "is_extra_deck": false,
  "monster_types": [
    "Effect"
  ],
  "stars": "3"
}