{
  "name": "Ape Fighter",
  "number": "41098335",
  "is_illegal": false,
  "text": "If this card destroys an opponent's monster by battle: This card gains 300 ATK. If this card does not attack during your turn, the ATK gained from this effect returns to 0 during the End Phase of that turn.",
  "type": "Monster",
  "is_monster": true,
  "is_spell": false,
  "is_trap": false,
  "species": "Beast",
  "attack": "1900",
  "defense": "1200",
  "attribute": "DARK",
  "is_pendulum": false,
  "is_xyz": false,
  "is_synchro": false,
  "is_fusion": false,
  "is_link": false,
  "is_extra_deck": false,
  "monster_types": [
    "Effect"
  ],
  "stars": "4"
}