{
  "name": "Apprentice Piper",
  "number": "64977888",
  "is_illegal": false,
  "text": "FLIP: You can Special Summon 1 monster from your hand.\nIf this card is destroyed by battle or card effect and sent to the Graveyard: You can Special Summon 1 monster from your hand.",
  "type": "Monster",
  "is_monster": true,
  "is_spell": false,
  "is_trap": false,
  "species": "Spellcaster",
  "attack": "100",
  "defense": "1500",
  "attribute": "DARK",
  "is_pendulum": false,
  "is_xyz": false,
  "is_synchro": false,
  "is_fusion": false,
  "is_link": false,
  "is_extra_deck": false,
  "monster_types": [
    "Flip",
    "Effect"
  ],
  "stars": "2"
}