{
  "name": "Aquaactress Guppy",
  "number": "66668900",
  "is_illegal": false,
  "text": "Once per turn: You can Special Summon 1 \"Aquaactress\" monster from your hand.",
  "type": "Monster",
  "is_monster": true,
  "is_spell": false,
  "is_trap": false,
  "species": "Aqua",
  "attack": "600",
  "defense": "600",
  "attribute": "WATER",
  "is_pendulum": false,
  "is_xyz": false,
  "is_synchro": false,
  "is_fusion": false,
  "is_link": false,
  "is_extra_deck": false,
  "monster_types": [
    "Effect"
  ],
  "stars": "2"
}