{
  "name": "Aquaactress Arowana",
  "number": "92053608",
  "is_illegal": false,
  "text": "Once per turn: You can add 1 \"Aquaactress\" monster from your Deck to your hand.",
  "type": "Monster",
  "is_monster": true,
  "is_spell": false,
  "is_trap": false,
  "species": "Aqua",
  "attack": "2000",
  "defense": "2000",
  "attribute": "WATER",
  "is_pendulum": false,
  "is_xyz": false,
  "is_synchro": false,
  "is_fusion": false,
  "is_link": false,
  "is_extra_deck": false,
  "monster_types": [
    "Effect"
  ],
  "stars": "6"
}