{
  "name": "Aratama",
  "number": "16889337",
  "is_illegal": false,
  "text": "Cannot be Special Summoned. During the End Phase of the turn this card is Normal Summoned or flipped face-up: Return it to the hand. When this card is Normal Summoned or flipped face-up: You can add 1 Spirit monster from your Deck to your hand, except \"Aratama\".",
  "type": "Monster",
  "is_monster": true,
  "is_spell": false,
  "is_trap": false,
  "species": "Fiend",
  "attack": "800",
  "defense": "1800",
  "attribute": "DARK",
  "is_pendulum": false,
  "is_xyz": false,
  "is_synchro": false,
  "is_fusion": false,
  "is_link": false,
  "is_extra_deck": false,
  "monster_types": [
    "Spirit"
  ],
  "stars": "4"
}