{
  "name": "Arcana Knight Joker",
  "number": "6150044",
  "is_illegal": false,
  "text": "\"Queen's Knight\" + \"Jack's Knight\" + \"King's Knight\"\nA Fusion Summon of this card can only be done with the above Fusion Materials. Once per turn, during either player's turn, when a Spell/Trap Card, or monster effect, is activated that targets this face-up card on the field: You can discard the same type of card (Monster, Spell, or Trap); negate the effect.",
  "type": "Monster",
  "is_monster": true,
  "is_spell": false,
  "is_trap": false,
  "species": "Warrior",
  "attack": "3800",
  "defense": "2500",
  "attribute": "LIGHT",
  "is_pendulum": false,
  "is_xyz": false,
  "is_synchro": false,
  "is_fusion": true,
  "is_link": false,
  "is_extra_deck": true,
  "monster_types": [
    "Fusion"
  ],
  "stars": "9"
}