{
  "name": "Arcana Force I - The Magician",
  "number": "8396952",
  "is_illegal": false,
  "text": "When this card is Summoned, toss a coin:\nâ—? Heads: When a Spell Card is activated, this card's ATK becomes double its original ATK until the End Phase of that turn.\nâ—? Tails: When a Spell Card is activated, your opponent gains 500 Life Points.",
  "type": "Monster",
  "is_monster": true,
  "is_spell": false,
  "is_trap": false,
  "species": "Fairy",
  "attack": "1100",
  "defense": "1100",
  "attribute": "LIGHT",
  "is_pendulum": false,
  "is_xyz": false,
  "is_synchro": false,
  "is_fusion": false,
  "is_link": false,
  "is_extra_deck": false,
  "monster_types": [
    "Effect"
  ],
  "stars": "4"
}