{
  "name": "Arcana Force 0 - The Fool",
  "number": "62892347",
  "is_illegal": false,
  "text": "This card cannot be destroyed by battle. This card cannot be changed to Defense Position, except with a card effect. When this card is Summoned: Toss a coin and gain the appropriate effect. â—? Heads: Negate your card effects that target this card, and destroy them. â—? Tails: Negate your opponent's card effects that target this card, and destroy them.",
  "type": "Monster",
  "is_monster": true,
  "is_spell": false,
  "is_trap": false,
  "species": "Fairy",
  "attack": "0",
  "defense": "0",
  "attribute": "LIGHT",
  "is_pendulum": false,
  "is_xyz": false,
  "is_synchro": false,
  "is_fusion": false,
  "is_link": false,
  "is_extra_deck": false,
  "monster_types": [
    "Effect"
  ],
  "stars": "1"
}