{
  "name": "Arcane Apprentice",
  "number": "40048324",
  "is_illegal": false,
  "text": "If this card is sent to the Graveyard for a Synchro Summon, you can add 1 \"Assault Mode Activate\" from your Deck to your hand.",
  "type": "Monster",
  "is_monster": true,
  "is_spell": false,
  "is_trap": false,
  "species": "Spellcaster",
  "attack": "1000",
  "defense": "400",
  "attribute": "FIRE",
  "is_pendulum": false,
  "is_xyz": false,
  "is_synchro": false,
  "is_fusion": false,
  "is_link": false,
  "is_extra_deck": false,
  "monster_types": [
    "Tuner"
  ],
  "stars": "2"
}