{
  "name": "Arcanite Magician/Assault Mode",
  "number": "14553285",
  "is_illegal": false,
  "text": "This card cannot be Normal Summoned or Set. This card cannot be Special Summoned except with \"Assault Mode Activate\". When this card is Special Summoned, place 2 Spell Counters on it. This card gains 1000 ATK for each Spell Counter on it. You can remove 2 Spell Counters from this card to destroy all cards your opponent controls. When this card on the field is destroyed, you can Special Summon 1 \"Arcanite Magician\" from your Graveyard.",
  "type": "Monster",
  "is_monster": true,
  "is_spell": false,
  "is_trap": false,
  "species": "Spellcaster",
  "attack": "900",
  "defense": "2300",
  "attribute": "LIGHT",
  "is_pendulum": false,
  "is_xyz": false,
  "is_synchro": false,
  "is_fusion": false,
  "is_link": false,
  "is_extra_deck": false,
  "monster_types": [
    "Effect"
  ],
  "stars": "9"
}