{
  "name": "Arcana Force XIV - Temperance",
  "number": "60953118",
  "is_illegal": false,
  "text": "During damage calculation, in either player's turn: You can discard this card; you take no Battle Damage from that battle. When this card is Summoned: Toss a coin and apply this effect. The effect lasts while this card is face-up on the field.\nâ—? Heads: Halve all Battle Damage you take.\nâ—? Tails: Halve all Battle Damage your opponent takes.",
  "type": "Monster",
  "is_monster": true,
  "is_spell": false,
  "is_trap": false,
  "species": "Fairy",
  "attack": "2400",
  "defense": "2400",
  "attribute": "LIGHT",
  "is_pendulum": false,
  "is_xyz": false,
  "is_synchro": false,
  "is_fusion": false,
  "is_link": false,
  "is_extra_deck": false,
  "monster_types": [
    "Effect"
  ],
  "stars": "6"
}