{
  "name": "Arcane Archer of the Forest",
  "number": "55001420",
  "is_illegal": false,
  "text": "While there is a Plant-Type monster on your side of the field, this card cannot be attacked. By Tributing 1 Plant-Type monster on your side of the field, destroy 1 Spell or Trap Card on the field.",
  "type": "Monster",
  "is_monster": true,
  "is_spell": false,
  "is_trap": false,
  "species": "Warrior",
  "attack": "900",
  "defense": "1400",
  "attribute": "EARTH",
  "is_pendulum": false,
  "is_xyz": false,
  "is_synchro": false,
  "is_fusion": false,
  "is_link": false,
  "is_extra_deck": false,
  "monster_types": [
    "Effect"
  ],
  "stars": "3"
}