{
  "name": "Archfiend Heiress",
  "number": "66540884",
  "is_illegal": false,
  "text": "If this card is sent to the Graveyard because of a card effect or being destroyed by battle: You can add 1 \"Archfiend\" card from your Deck to your hand, except \"Archfiend Heiress\". You can only use the effect of \"Archfiend Heiress\" once per turn.",
  "type": "Monster",
  "is_monster": true,
  "is_spell": false,
  "is_trap": false,
  "species": "Fiend",
  "attack": "1000",
  "defense": "0",
  "attribute": "DARK",
  "is_pendulum": false,
  "is_xyz": false,
  "is_synchro": false,
  "is_fusion": false,
  "is_link": false,
  "is_extra_deck": false,
  "monster_types": [
    "Effect"
  ],
  "stars": "3"
}