{
  "name": "Archfiend Eccentrick",
  "number": "57624336",
  "is_illegal": false,
  "text": "You can Tribute this card, then target 1 monster on the field; destroy it. You can only use this effect of \"Archfiend Eccentrick\" once per turn.",
  "type": "Monster",
  "is_monster": true,
  "is_spell": false,
  "is_trap": false,
  "species": "Fiend",
  "attack": "800",
  "defense": "1000",
  "attribute": "LIGHT",
  "is_pendulum": true,
  "is_xyz": false,
  "is_synchro": false,
  "is_fusion": false,
  "is_link": false,
  "is_extra_deck": false,
  "monster_types": [
    "Pendulum",
    "Effect"
  ],
  "pendulum_left": "7",
  "pendulum_right": "7",
  "pendulum_text": "You can target 1 other Spell/Trap Card on the field; destroy both it and this card. You can only use this effect of \"Archfiend Eccentrick\" once per turn.",
  "stars": "3"
}