{
  "name": "Archfiend Commander",
  "number": "68371799",
  "is_illegal": false,
  "text": "If you control an \"Archfiend\" card, you can Special Summon this card (from your hand), but it cannot attack this turn. You can only Special Summon \"Archfiend Commander\" once per turn this way. When Special Summoned this way: Target 1 \"Archfiend\" card you control; destroy that target. When this card is Tribute Summoned: You can target 1 Level 6 \"Archfiend\" monster in your Graveyard; Special Summon that target in face-up Defense Position.",
  "type": "Monster",
  "is_monster": true,
  "is_spell": false,
  "is_trap": false,
  "species": "Fiend",
  "attack": "2500",
  "defense": "1200",
  "attribute": "DARK",
  "is_pendulum": false,
  "is_xyz": false,
  "is_synchro": false,
  "is_fusion": false,
  "is_link": false,
  "is_extra_deck": false,
  "monster_types": [
    "Effect"
  ],
  "stars": "6"
}