{
  "name": "Archfiend of Gilfer",
  "number": "50287060",
  "is_illegal": false,
  "text": "When this card is sent to the Graveyard: You can target 1 face-up monster on the field; equip that target with this card. That monster loses 500 ATK while equipped with this card.",
  "type": "Monster",
  "is_monster": true,
  "is_spell": false,
  "is_trap": false,
  "species": "Fiend",
  "attack": "2200",
  "defense": "2500",
  "attribute": "DARK",
  "is_pendulum": false,
  "is_xyz": false,
  "is_synchro": false,
  "is_fusion": false,
  "is_link": false,
  "is_extra_deck": false,
  "monster_types": [
    "Effect"
  ],
  "stars": "6"
}