{
  "name": "Archfiend Soldier",
  "number": "49881766",
  "is_illegal": false,
  "text": "An expert at battle who belongs to a crack diabolical unit. He's famous because he always gets the job done.",
  "type": "Monster",
  "is_monster": true,
  "is_spell": false,
  "is_trap": false,
  "species": "Fiend",
  "attack": "1900",
  "defense": "1500",
  "attribute": "DARK",
  "is_pendulum": false,
  "is_xyz": false,
  "is_synchro": false,
  "is_fusion": false,
  "is_link": false,
  "is_extra_deck": false,
  "monster_types": [
    "Normal"
  ],
  "stars": "4"
}