{
  "name": "Archfiend General",
  "number": "48675364",
  "is_illegal": false,
  "text": "You can discard this card to the Graveyard to add 1 \"Pandemonium\" from your Deck to your hand. If this card is on the field but \"Pandemonium\" is not on the field, destroy this card.",
  "type": "Monster",
  "is_monster": true,
  "is_spell": false,
  "is_trap": false,
  "species": "Fiend",
  "attack": "2100",
  "defense": "800",
  "attribute": "DARK",
  "is_pendulum": false,
  "is_xyz": false,
  "is_synchro": false,
  "is_fusion": false,
  "is_link": false,
  "is_extra_deck": false,
  "monster_types": [
    "Effect"
  ],
  "stars": "4"
}