{
  "name": "Aria the Melodious Diva",
  "number": "40502912",
  "is_illegal": false,
  "text": "While this Special Summoned card is on the field, \"Melodious\" monsters you control cannot be targeted by card effects, or be destroyed by battle.",
  "type": "Monster",
  "is_monster": true,
  "is_spell": false,
  "is_trap": false,
  "species": "Fairy",
  "attack": "1600",
  "defense": "1200",
  "attribute": "LIGHT",
  "is_pendulum": false,
  "is_xyz": false,
  "is_synchro": false,
  "is_fusion": false,
  "is_link": false,
  "is_extra_deck": false,
  "monster_types": [
    "Effect"
  ],
  "stars": "4"
}