{
  "name": "Arisen Gaia the Fierce Knight",
  "number": "29904964",
  "is_illegal": false,
  "text": "If your opponent controls more monsters than you do, you can Normal Summon this card without Tributing. If this card is Tributed: You can Special Summon 1 \"Black Luster Soldier\" monster from your hand or Graveyard. You can only use this effect of \"Arisen Gaia the Fierce Knight\" once per turn. When you Ritual Summon a \"Black Luster Soldier\" monster, you can banish this card from your Graveyard as 1 of the monsters required for the Ritual Summon.",
  "type": "Monster",
  "is_monster": true,
  "is_spell": false,
  "is_trap": false,
  "species": "Warrior",
  "attack": "2300",
  "defense": "2100",
  "attribute": "DARK",
  "is_pendulum": false,
  "is_xyz": false,
  "is_synchro": false,
  "is_fusion": false,
  "is_link": false,
  "is_extra_deck": false,
  "monster_types": [
    "Effect"
  ],
  "stars": "7"
}