{
  "name": "Arkbrave Dragon",
  "number": "33282498",
  "is_illegal": false,
  "text": "If this card is Special Summoned from the Graveyard: You can banish as many face-up Spell/Trap Cards your opponent controls as possible, and if you do, this card gains 200 ATK and DEF for each card banished. Once per turn, during the Standby Phase, if this card is in the Graveyard because it was sent there last turn: You can target 1 Level 7 or 8 Dragon-Type monster in your Graveyard, except \"Arkbrave Dragon\"; Special Summon it.",
  "type": "Monster",
  "is_monster": true,
  "is_spell": false,
  "is_trap": false,
  "species": "Dragon",
  "attack": "2400",
  "defense": "2000",
  "attribute": "LIGHT",
  "is_pendulum": false,
  "is_xyz": false,
  "is_synchro": false,
  "is_fusion": false,
  "is_link": false,
  "is_extra_deck": false,
  "monster_types": [
    "Effect"
  ],
  "stars": "7"
}