{
  "name": "Armades, Keeper of Boundaries",
  "number": "88033975",
  "is_illegal": false,
  "text": "1 Tuner + 1 or more non-Tuner monsters\nIf this card attacks or is attacked, your opponent cannot activate cards or effects until the end of the Damage Step.",
  "type": "Monster",
  "is_monster": true,
  "is_spell": false,
  "is_trap": false,
  "species": "Fiend",
  "attack": "2300",
  "defense": "1500",
  "attribute": "LIGHT",
  "is_pendulum": false,
  "is_xyz": false,
  "is_synchro": true,
  "is_fusion": false,
  "is_link": false,
  "is_extra_deck": true,
  "monster_types": [
    "Synchro"
  ],
  "stars": "5"
}