{
  "name": "Armed Dragon LV10",
  "number": "59464593",
  "is_illegal": false,
  "text": "This card cannot be Normal Summoned or Set. This card cannot be Special Summoned except by Tributing 1 \"Armed Dragon LV7\". You can send 1 card from your hand to the Graveyard to destroy all face-up monsters your opponent controls.",
  "type": "Monster",
  "is_monster": true,
  "is_spell": false,
  "is_trap": false,
  "species": "Dragon",
  "attack": "3000",
  "defense": "2000",
  "attribute": "WIND",
  "is_pendulum": false,
  "is_xyz": false,
  "is_synchro": false,
  "is_fusion": false,
  "is_link": false,
  "is_extra_deck": false,
  "monster_types": [
    "Effect"
  ],
  "stars": "10"
}