{
  "name": "Armed Dragon LV5",
  "number": "46384672",
  "is_illegal": false,
  "text": "You can send 1 monster from your hand to the Graveyard to target 1 face-up monster your opponent controls with ATK less than or equal to the sent monster's ATK; destroy that target. During the End Phase, if this card destroyed a monster by battle this turn: You can send this face-up card to the Graveyard; Special Summon 1 \"Armed Dragon LV7\" from your hand or Deck.",
  "type": "Monster",
  "is_monster": true,
  "is_spell": false,
  "is_trap": false,
  "species": "Dragon",
  "attack": "2400",
  "defense": "1700",
  "attribute": "WIND",
  "is_pendulum": false,
  "is_xyz": false,
  "is_synchro": false,
  "is_fusion": false,
  "is_link": false,
  "is_extra_deck": false,
  "monster_types": [
    "Effect"
  ],
  "stars": "5"
}