{
  "name": "Armityle the Chaos Phantom",
  "number": "43378048",
  "is_illegal": false,
  "text": "\"Uria, Lord of Searing Flames\" + \"Hamon, Lord of Striking Thunder\" + \"Raviel, Lord of Phantasms\"\nMust first be Special Summoned (from your Extra Deck) by banishing the above cards you control. (You do not use \"Polymerization\".) Cannot be destroyed by battle. This card gains 10,000 ATK during your turn only.",
  "type": "Monster",
  "is_monster": true,
  "is_spell": false,
  "is_trap": false,
  "species": "Fiend",
  "attack": "0",
  "defense": "0",
  "attribute": "DARK",
  "is_pendulum": false,
  "is_xyz": false,
  "is_synchro": false,
  "is_fusion": true,
  "is_link": false,
  "is_extra_deck": true,
  "monster_types": [
    "Fusion"
  ],
  "stars": "12"
}