{
  "name": "Armored Axon Kicker",
  "number": "62742651",
  "is_illegal": false,
  "text": "If you control a face-up Psychic-Type monster, you can Normal Summon this card without Tributing. If this card destroys an opponent's monster by battle, you take damage equal to half the destroyed monster's ATK. Then, you can Special Summon 1 monster from your Graveyard with ATK less than or equal to the damage you took.",
  "type": "Monster",
  "is_monster": true,
  "is_spell": false,
  "is_trap": false,
  "species": "Psychic",
  "attack": "2200",
  "defense": "1800",
  "attribute": "EARTH",
  "is_pendulum": false,
  "is_xyz": false,
  "is_synchro": false,
  "is_fusion": false,
  "is_link": false,
  "is_extra_deck": false,
  "monster_types": [
    "Effect"
  ],
  "stars": "6"
}