{
  "name": "Armor Breaker",
  "number": "87798440",
  "is_illegal": false,
  "text": "Once per turn, you can equip this card to a Warrior-Type monster you control, OR unequip it to Special Summon this card in face-up Attack Position. While equipped to a monster by this effect, when that monster inflicts Battle Damage to your opponent, destroy 1 card on the field. (A monster can only be equipped with 1 Union Monster at a time. If the equipped monster would be destroyed by battle, this card is destroyed instead.)",
  "type": "Monster",
  "is_monster": true,
  "is_spell": false,
  "is_trap": false,
  "species": "Warrior",
  "attack": "800",
  "defense": "800",
  "attribute": "EARTH",
  "is_pendulum": false,
  "is_xyz": false,
  "is_synchro": false,
  "is_fusion": false,
  "is_link": false,
  "is_extra_deck": false,
  "monster_types": [
    "Union",
    "Effect"
  ],
  "stars": "3"
}