{
  "name": "Aroma Garden",
  "number": "5050644",
  "is_illegal": false,
  "text": "Once per turn, if you control an \"Aroma\" monster: You can gain 500 LP, also all monsters you control gain 500 ATK and DEF until the end of your opponent's next turn (even if this card leaves the field). If a face-up \"Aroma\" monster you control is destroyed by battle or card effect and sent to the Graveyard: Gain 1000 LP.",
  "type": "Spell",
  "is_monster": false,
  "is_spell": true,
  "is_trap": false,
  "property": "Field"
}