{
  "name": "Aromage Bergamot",
  "number": "85967160",
  "is_illegal": false,
  "text": "While your LP is higher than your opponent's, if a Plant-Type monster you control attacks a Defense Position monster, inflict piercing battle damage to your opponent. Once per turn, if you gain LP: This card gains 1000 ATK and DEF until the end of your opponent's turn.",
  "type": "Monster",
  "is_monster": true,
  "is_spell": false,
  "is_trap": false,
  "species": "Plant",
  "attack": "2400",
  "defense": "1800",
  "attribute": "FIRE",
  "is_pendulum": false,
  "is_xyz": false,
  "is_synchro": false,
  "is_fusion": false,
  "is_link": false,
  "is_extra_deck": false,
  "monster_types": [
    "Effect"
  ],
  "stars": "6"
}