{
  "name": "Arsenal Summoner",
  "number": "85489096",
  "is_illegal": false,
  "text": "FLIP: Add 1 \"Guardian\" card from your Deck to your hand, except \"Celtic Guardian\", \"Winged Dragon, Guardian of the Fortress #1\", \"Winged Dragon, Guardian of the Fortress #2\", \"Guardian of the Labyrinth\", or \"The Reliable Guardian\".",
  "type": "Monster",
  "is_monster": true,
  "is_spell": false,
  "is_trap": false,
  "species": "Spellcaster",
  "attack": "1600",
  "defense": "1600",
  "attribute": "WIND",
  "is_pendulum": false,
  "is_xyz": false,
  "is_synchro": false,
  "is_fusion": false,
  "is_link": false,
  "is_extra_deck": false,
  "monster_types": [
    "Flip",
    "Effect"
  ],
  "stars": "4"
}