{
  "name": "Artifact Caduceus",
  "number": "84268896",
  "is_illegal": false,
  "text": "You can Set this card from your hand to your Spell & Trap Zone as a Spell Card. During your opponent's turn, if this Set card in the Spell & Trap Zone is destroyed and sent to your Graveyard: Special Summon it. During your opponent's turn, each time an \"Artifact\" monster(s) is Special Summoned: Draw 1 card. You must control this face-up card to activate and to resolve this effect. You can only control 1 \"Artifact Caduceus\".",
  "type": "Monster",
  "is_monster": true,
  "is_spell": false,
  "is_trap": false,
  "species": "Fairy",
  "attack": "1600",
  "defense": "2400",
  "attribute": "LIGHT",
  "is_pendulum": false,
  "is_xyz": false,
  "is_synchro": false,
  "is_fusion": false,
  "is_link": false,
  "is_extra_deck": false,
  "monster_types": [
    "Effect"
  ],
  "stars": "5"
}