{
  "name": "Artifact Mjollnir",
  "number": "80237445",
  "is_illegal": false,
  "text": "You can Set this card from your hand to your Spell & Trap Zone as a Spell. During your opponent's turn, if this Set card in the Spell & Trap Zone is destroyed and sent to your GY: Special Summon it. If this card is Special Summoned during your opponent's turn: Target 1 \"Artifact\" monster in your GY; Special Summon it in Defense Position, also you cannot Special Summon monsters until the end of the next turn, except \"Artifact\" monsters. You can only use this effect of \"Artifact Mjolnir\" once per turn.",
  "type": "Monster",
  "is_monster": true,
  "is_spell": false,
  "is_trap": false,
  "species": "Fairy",
  "attack": "1300",
  "defense": "1800",
  "attribute": "LIGHT",
  "is_pendulum": false,
  "is_xyz": false,
  "is_synchro": false,
  "is_fusion": false,
  "is_link": false,
  "is_extra_deck": false,
  "monster_types": [
    "Effect"
  ],
  "stars": "5"
}