{
  "name": "Artifact Ignition",
  "number": "29223325",
  "is_illegal": false,
  "text": "Target 1 Spell/Trap Card on the field; destroy that target, and if you do, Set 1 \"Artifact\" monster directly from your Deck to your Spell & Trap Zone as a Spell Card. If this card in its owner's possession is destroyed by an opponent's card: Your opponent skips their next Battle Phase. (You must have an \"Artifact\" monster in your Main Deck to activate this card.)",
  "type": "Spell",
  "is_monster": false,
  "is_spell": true,
  "is_trap": false,
  "property": "Quick-Play"
}