{
  "name": "Artorigus, King of the Noble Knights",
  "number": "21223277",
  "is_illegal": false,
  "text": "2 Level 4 \"Noble Knight\" monsters\nWhen this card is Xyz Summoned: You can target up to 3 \"Noble Arms\" Equip Spell Cards with different names in your Graveyard; equip those targets to this card. Once per turn: You can detach 1 Xyz Material from this card; destroy any number of Spell/Trap Cards on the field, up to the number of \"Noble Arms\" Equip Spell Cards you control.",
  "type": "Monster",
  "is_monster": true,
  "is_spell": false,
  "is_trap": false,
  "species": "Warrior",
  "attack": "2000",
  "defense": "2000",
  "attribute": "LIGHT",
  "is_pendulum": false,
  "is_xyz": true,
  "is_synchro": false,
  "is_fusion": false,
  "is_link": false,
  "is_extra_deck": true,
  "monster_types": [
    "XYZ"
  ],
  "stars": "4"
}