{
  "name": "Assault Blackwing - Kunai the Drizzle",
  "number": "70456282",
  "is_illegal": false,
  "text": "You can Special Summon this card (from your hand) by Tributing 1 \"Blackwing\" monster. If Summoned this way, this card is treated as a Tuner monster. Once per turn: You can target 1 Synchro Monster you control, and declare a Level from 1 to 8; it becomes that Level until the end of this turn.",
  "type": "Monster",
  "is_monster": true,
  "is_spell": false,
  "is_trap": false,
  "species": "Winged Beast",
  "attack": "2100",
  "defense": "1600",
  "attribute": "DARK",
  "is_pendulum": false,
  "is_xyz": false,
  "is_synchro": false,
  "is_fusion": false,
  "is_link": false,
  "is_extra_deck": false,
  "monster_types": [
    "Effect"
  ],
  "stars": "5"
}