{
  "name": "Assault Dog",
  "number": "72714226",
  "is_illegal": false,
  "text": "When this card is destroyed by battle and sent to the Graveyard: You can Special Summon any number of \"Assault Dog\" from your Deck.",
  "type": "Monster",
  "is_monster": true,
  "is_spell": false,
  "is_trap": false,
  "species": "Beast",
  "attack": "1200",
  "defense": "800",
  "attribute": "EARTH",
  "is_pendulum": false,
  "is_xyz": false,
  "is_synchro": false,
  "is_fusion": false,
  "is_link": false,
  "is_extra_deck": false,
  "monster_types": [
    "Effect"
  ],
  "stars": "4"
}