{
  "name": "Assault Beast",
  "number": "3431737",
  "is_illegal": false,
  "text": "You can discard this card to the Graveyard to add 1 \"Assault Mode Activate\" from your Deck to your hand.",
  "type": "Monster",
  "is_monster": true,
  "is_spell": false,
  "is_trap": false,
  "species": "Beast-Warrior",
  "attack": "1900",
  "defense": "1200",
  "attribute": "EARTH",
  "is_pendulum": false,
  "is_xyz": false,
  "is_synchro": false,
  "is_fusion": false,
  "is_link": false,
  "is_extra_deck": false,
  "monster_types": [
    "Effect"
  ],
  "stars": "4"
}