{
  "name": "Assault Blackwing - Sohaya the Rain Storm",
  "number": "53389254",
  "is_illegal": false,
  "text": "1 Tuner + 1 or more non-Tuner monsters\nIf this card is Synchro Summoned using a \"Blackwing\" monster as Material, it is treated as a Tuner while face-up on the field. You can only use each of these effects of \"Assault Blackwing - Sohaya the Rain Storm\" once per turn. â—? When this card is Synchro Summoned: You can target 1 \"Assault Blackwing\" monster in your Graveyard; Special Summon it. â—? During your Main Phase, if this card is in the Graveyard because it was sent there this turn: You can banish 1 other \"Assault Blackwing - Sohaya the Rain Storm\" from your Graveyard; Special Summon this card.",
  "type": "Monster",
  "is_monster": true,
  "is_spell": false,
  "is_trap": false,
  "species": "Winged Beast",
  "attack": "1500",
  "defense": "2000",
  "attribute": "DARK",
  "is_pendulum": false,
  "is_xyz": false,
  "is_synchro": true,
  "is_fusion": false,
  "is_link": false,
  "is_extra_deck": true,
  "monster_types": [
    "Synchro"
  ],
  "stars": "5"
}