{
  "name": "Assault Mercenary",
  "number": "77036039",
  "is_illegal": false,
  "text": "Once per turn, you can return 1 \"Assault Mode Activate\" from your hand or Graveyard to the Deck to destroy 1 Spell or Trap Card your opponent controls.",
  "type": "Monster",
  "is_monster": true,
  "is_spell": false,
  "is_trap": false,
  "species": "Warrior",
  "attack": "1800",
  "defense": "300",
  "attribute": "EARTH",
  "is_pendulum": false,
  "is_xyz": false,
  "is_synchro": false,
  "is_fusion": false,
  "is_link": false,
  "is_extra_deck": false,
  "monster_types": [
    "Effect"
  ],
  "stars": "4"
}