{
  "name": "Asura Priest",
  "number": "2134346",
  "is_illegal": false,
  "text": "Cannot be Special Summoned. During the End Phase of the turn this card is Normal Summoned or flipped face-up: Return it to the hand. This card can attack all monsters your opponent controls once each.",
  "type": "Monster",
  "is_monster": true,
  "is_spell": false,
  "is_trap": false,
  "species": "Fairy",
  "attack": "1700",
  "defense": "1200",
  "attribute": "LIGHT",
  "is_pendulum": false,
  "is_xyz": false,
  "is_synchro": false,
  "is_fusion": false,
  "is_link": false,
  "is_extra_deck": false,
  "monster_types": [
    "Spirit"
  ],
  "stars": "4"
}