{
  "name": "Aswan Apparition",
  "number": "88236094",
  "is_illegal": false,
  "text": "If this card inflicts Battle Damage to your opponent's Life Points, you can return 1 Trap Card from your Graveyard to the top of your Deck.",
  "type": "Monster",
  "is_monster": true,
  "is_spell": false,
  "is_trap": false,
  "species": "Fiend",
  "attack": "500",
  "defense": "500",
  "attribute": "DARK",
  "is_pendulum": false,
  "is_xyz": false,
  "is_synchro": false,
  "is_fusion": false,
  "is_link": false,
  "is_extra_deck": false,
  "monster_types": [
    "Effect"
  ],
  "stars": "3"
}