{
  "name": "Atlantean Attack Squad",
  "number": "8078366",
  "is_illegal": false,
  "text": "This card gains 800 ATK while you control a face-up Fish, Sea Serpent, or Aqua-Type monster other than this card.",
  "type": "Monster",
  "is_monster": true,
  "is_spell": false,
  "is_trap": false,
  "species": "Sea Serpent",
  "attack": "1400",
  "defense": "0",
  "attribute": "WATER",
  "is_pendulum": false,
  "is_xyz": false,
  "is_synchro": false,
  "is_fusion": false,
  "is_link": false,
  "is_extra_deck": false,
  "monster_types": [
    "Effect"
  ],
  "stars": "3"
}