{
  "name": "Attack of the Cornered Rat",
  "number": "84389640",
  "is_illegal": false,
  "text": "If a Level 3 or lower Normal Monster you control battles, during the Damage Step you can pay Life Points in multiples of 100. The ATK of the opponent's monster is reduced by the amount of Life Points you paid, until the End Phase. (You cannot pay more Life Points than the ATK of the opponent's monster.)",
  "type": "Trap",
  "is_monster": false,
  "is_spell": false,
  "is_trap": true,
  "property": "Continuous"
}