{
  "name": "Aurkus, Lightsworn Druid",
  "number": "7183277",
  "is_illegal": false,
  "text": "Neither player can target \"Lightsworn\" monsters (anywhere) with card effects. During each of your End Phases: Send the top 2 cards of your Deck to the Graveyard.",
  "type": "Monster",
  "is_monster": true,
  "is_spell": false,
  "is_trap": false,
  "species": "Beast-Warrior",
  "attack": "1200",
  "defense": "1800",
  "attribute": "LIGHT",
  "is_pendulum": false,
  "is_xyz": false,
  "is_synchro": false,
  "is_fusion": false,
  "is_link": false,
  "is_extra_deck": false,
  "monster_types": [
    "Effect"
  ],
  "stars": "3"
}