{
  "name": "Aurora Paragon",
  "number": "22386234",
  "is_illegal": false,
  "text": "Neither player can Special Summon monsters. When another monster is Normal Summoned to either player's side of the field, destroy this card.",
  "type": "Monster",
  "is_monster": true,
  "is_spell": false,
  "is_trap": false,
  "species": "Fairy",
  "attack": "1500",
  "defense": "1000",
  "attribute": "LIGHT",
  "is_pendulum": false,
  "is_xyz": false,
  "is_synchro": false,
  "is_fusion": false,
  "is_link": false,
  "is_extra_deck": false,
  "monster_types": [
    "Effect"
  ],
  "stars": "4"
}