{
  "name": "Aussa the Earth Charmer",
  "number": "37970940",
  "is_illegal": false,
  "text": "FLIP: While this card is face-up on the field, take control of 1 EARTH monster your opponent controls.",
  "type": "Monster",
  "is_monster": true,
  "is_spell": false,
  "is_trap": false,
  "species": "Spellcaster",
  "attack": "500",
  "defense": "1500",
  "attribute": "EARTH",
  "is_pendulum": false,
  "is_xyz": false,
  "is_synchro": false,
  "is_fusion": false,
  "is_link": false,
  "is_extra_deck": false,
  "monster_types": [
    "Flip",
    "Effect"
  ],
  "stars": "3"
}