{
  "name": "Avalanching Aussa",
  "number": "29139104",
  "is_illegal": false,
  "text": "Once per turn, you can Tribute 1 EARTH monster (except this card) to Special Summon 1 EARTH monster from your hand. The monster Special Summoned by this effect is destroyed if \"Avalanching Aussa\" is removed from your side of the field.",
  "type": "Monster",
  "is_monster": true,
  "is_spell": false,
  "is_trap": false,
  "species": "Spellcaster",
  "attack": "800",
  "defense": "1500",
  "attribute": "EARTH",
  "is_pendulum": false,
  "is_xyz": false,
  "is_synchro": false,
  "is_fusion": false,
  "is_link": false,
  "is_extra_deck": false,
  "monster_types": [
    "Effect"
  ],
  "stars": "4"
}