{
  "name": "Aztekipede, the Worm Warrior",
  "number": "75081613",
  "is_illegal": false,
  "text": "Cannot be Normal Summoned/Set. Must be Special Summoned by banishing 1 Insect-Type monster from your Graveyard, and cannot be Special Summoned by other ways. If this card inflicts battle damage to your opponent: Send the top card of their Deck to the Graveyard.",
  "type": "Monster",
  "is_monster": true,
  "is_spell": false,
  "is_trap": false,
  "species": "Insect",
  "attack": "1900",
  "defense": "400",
  "attribute": "EARTH",
  "is_pendulum": false,
  "is_xyz": false,
  "is_synchro": false,
  "is_fusion": false,
  "is_link": false,
  "is_extra_deck": false,
  "monster_types": [
    "Effect"
  ],
  "stars": "4"
}