{
  "name": "Azure-Eyes Silver Dragon",
  "number": "40908371",
  "is_illegal": false,
  "text": "1 Tuner + 1 or more non-Tuner Normal Monsters\nIf this card is Special Summoned: Dragon-Type monsters you currently control cannot be targeted or destroyed by card effects until the end of the next turn. Once per turn, during your Standby Phase: You can target 1 Normal Monster in your Graveyard; Special Summon that target.",
  "type": "Monster",
  "is_monster": true,
  "is_spell": false,
  "is_trap": false,
  "species": "Dragon",
  "attack": "2500",
  "defense": "3000",
  "attribute": "LIGHT",
  "is_pendulum": false,
  "is_xyz": false,
  "is_synchro": true,
  "is_fusion": false,
  "is_link": false,
  "is_extra_deck": true,
  "monster_types": [
    "Synchro"
  ],
  "stars": "9"
}